"Variable","Criticality","Constant"
record_id,critical,PEOPLE
active_y,critical,PEOPLE
inactive_d,low,PEOPLE
user_surveyheader,low,PEOPLE
user_formheader,low,PEOPLE
firstname,low,PEOPLE
lastname,low,PEOPLE
email,critical,PEOPLE
person_region,critical,PEOPLE
useraccess_header,low,PEOPLE
harmonist_regperm,critical,PEOPLE
admin_notes,low,PEOPLE
requestor_name,low,PEOPLE
userrequest_detail,low,PEOPLE
blockedfields,low,PEOPLE
userfields_txt,low,PEOPLE
pubname,low,PEOPLE
degrees,low,PEOPLE
institution,low,PEOPLE
settings_txt,low,PEOPLE
pendingpanel_y,low,PEOPLE
stayrequest_y,low,PEOPLE
securedata_txt,low,PEOPLE
allowgetdata_y,medium,PEOPLE
redcap_name,critical,PEOPLE
harmonist_txt,low,PEOPLE
harmonistadmin_y,critical,PEOPLE
harmonist_perms,critical,PEOPLE
access_token,critical,PEOPLE
token_expiration_d,critical,PEOPLE
first_ever_login_d,low,PEOPLE
last_requested_token_d,critical,PEOPLE
record_id,critical,SETTINGS
settingsintro_txt,low,SETTINGS
record1_txt,low,SETTINGS
hub_name,low,SETTINGS
hub_name_long,low,SETTINGS
hub_name_title,low,SETTINGS
hub_name_req_email,medium,SETTINGS
hub_contact_email,critical,SETTINGS
hub_organization,low,SETTINGS
hub_logo,low,SETTINGS
hub_logo_pdf,low,SETTINGS
hub_logo_favicon,low,SETTINGS
home_number_intro,low,SETTINGS
home_number_announcements,low,SETTINGS
home_number_deadlines,low,SETTINGS
home_number_quicklinks,low,SETTINGS
home_number_recentactivity,low,SETTINGS
accesslink_info,low,SETTINGS
accesslink_sender_email,critical,SETTINGS
accesslink_sender_name,low,SETTINGS
accesslink_dur,critical,SETTINGS
pastrequest_dur,critical,SETTINGS
vote_visibility,low,SETTINGS
home_number_txt,low,SETTINGS
home_quicklinks_expand,low,SETTINGS
vote_grid,low,SETTINGS
deactivate_projects_opt,low,SETTINGS
deactivate_projects,critical,SETTINGS
pastlastreview_dur,critical,SETTINGS
deactivate_tblcenter,critical,SETTINGS
vote_multiples,low,SETTINGS
session_timeout_popup,critical,SETTINGS
session_timeout_timer,critical,SETTINGS
session_timeout_countdown,critical,SETTINGS
deactivate_concept_tracker,critical,SETTINGS
pubtext1,low,SETTINGS
pubtext2,low,SETTINGS
pubtext3,low,SETTINGS
pubtext4,low,SETTINGS
pubtext5,low,SETTINGS
admin_buttons_txt,low,SETTINGS
admintext1,low,SETTINGS
admintext2,low,SETTINGS
admintext3,low,SETTINGS
admintext4,low,SETTINGS
admintext5,low,SETTINGS
deactivate_analytics,low,SETTINGS
deactivate_datahub,critical,SETTINGS
deactivate_datadown,critical,SETTINGS
deactivate_toolkit,critical,SETTINGS
recentdataactivity_dur,low,SETTINGS
retrievedata_expiration,critical,SETTINGS
uploadtokenexpiration_ts,critical,SETTINGS
uploadnotification_dur,critical,SETTINGS
downloadreminder_dur,critical,SETTINGS
downloadreminder2_dur,critical,SETTINGS
recentfinalreq_expiration,critical,SETTINGS
dataupload_dur,critical,SETTINGS
number_recentdataactivity,low,SETTINGS
datalog_numentries,low,SETTINGS
data_log_history_file,low,SETTINGS
datahub_txt,low,SETTINGS
deactivate_metrics,low,SETTINGS
deactivate_metrics_cron,low,SETTINGS
deactivate_datametrics,low,SETTINGS
oldestyear_concepts,low,SETTINGS
numberofyears_datacall,medium,SETTINGS
oldestyear_rmr_manuscripts,low,SETTINGS
oldestyear_rmr_abstracts,low,SETTINGS
oldestyear_communications,low,SETTINGS
hub_login_text,low,SETTINGS
hub_login_blue_text,low,SETTINGS
hub_recent_act_text,low,SETTINGS
hub_active_shortcut,low,SETTINGS
hub_req_text,low,SETTINGS
hub_req_archive_text,low,SETTINGS
hub_req_arc_rejected_text,low,SETTINGS
hub_concept_text,low,SETTINGS
hub_projects_text,low,SETTINGS
hub_publications_text,low,SETTINGS
hub_pubpdf_note,low,SETTINGS
hub_admin_text,low,SETTINGS
hub_data_activity_text,low,SETTINGS
hub_tbl_center_text,low,SETTINGS
hub_doc_librabry_text,low,SETTINGS
hub_des_text,low,SETTINGS
hub_data_txt,low,SETTINGS
hub_data_hub_text,low,SETTINGS
hub_req_data_text,low,SETTINGS
hub_req_data_text_after,low,SETTINGS
hub_check_submit_text,low,SETTINGS
hub_download_data_text,low,SETTINGS
hub_recent_data_act_text,low,SETTINGS
hub_news_archive_text,low,SETTINGS
hub_step1,low,SETTINGS
hub_step2,low,SETTINGS
hub_step3,low,SETTINGS
hub_step4,low,SETTINGS
hub_steps_complete_text,low,SETTINGS
hub_datacall_archive,low,SETTINGS
hub_datareq_for_review,low,SETTINGS
toolkit_redirect_text,low,SETTINGS
hub_subs_txt,medium,SETTINGS
hub_subs_monthly_digest,medium,SETTINGS
hub_subs_0a0b,medium,SETTINGS
hub_email_new_conceptsheet,medium,SETTINGS
hub_email_pending_uploads,medium,SETTINGS
hub_email_author_summary,medium,SETTINGS
author_summary_footer,medium,SETTINGS
calendar_active,low,SETTINGS
calendar_title,low,SETTINGS
calendar_text,low,SETTINGS
calendar_iframe,low,SETTINGS
hub_statistics_text,low,SETTINGS
hub_stats_section1_y,low,SETTINGS
hub_stats_consortium_title,low,SETTINGS
hub_stats_consortium,low,SETTINGS
hub_stats_consortium_select,low,SETTINGS
hub_stats_section2_y,low,SETTINGS
hub_stats_pubs_title,low,SETTINGS
hub_stats_rmr_publications,low,SETTINGS
pub_data,low,SETTINGS
pub_data_label1,low,SETTINGS
pub_data_label2,low,SETTINGS
hub_stats_section2a_y,low,SETTINGS
hub_stats_pubs2_title,low,SETTINGS
abs_data,low,SETTINGS
hub_stats_section3_y,low,SETTINGS
abs_data_label,low,SETTINGS
abs_data_label2,low,SETTINGS
hub_stats_abs_title,low,SETTINGS
hub_stats_rmr_abstratcs,low,SETTINGS
hub_stats_section3a_y,low,SETTINGS
hub_stats_abs2_title,low,SETTINGS
hub_stats_section4_y,low,SETTINGS
activity_data,low,SETTINGS
hub_stats_activity_title,low,SETTINGS
hub_stats_mr_activity_year,low,SETTINGS
hub_stats_section5_y,low,SETTINGS
hub_stats_map_title,low,SETTINGS
hub_stats_map,low,SETTINGS
hub_stats_section5a_y,low,SETTINGS
hub_stats_sitelist_title,low,SETTINGS
hub_stats_site_list,low,SETTINGS
hub_statistics_gen_text,low,SETTINGS
hub_stats_data,low,SETTINGS
hub_stats_general_usage,low,SETTINGS
hub_stats_data_exchange,low,SETTINGS
hub_stats_data_requests,low,SETTINGS
hub_stats_datacall_time,low,SETTINGS
hub_stats_comunications,low,SETTINGS
backend_vars_txt,low,SETTINGS
publications_lastupdate,low,SETTINGS
publications_json,low,SETTINGS
pastdatarequest_dur,low,SETTINGS
pastsopdatadiscuss_dur,low,SETTINGS
uploadlink_dur,low,SETTINGS
version_number,low,SETTINGS
hub_statistics_data_text,low,SETTINGS
hub_statistics_user_text,low,SETTINGS